Protocol,Total,Terraswap,Lido,Mirror,Anchor,Spectrum Protocol,LoTerra,Pylon Protocol,ApolloDAO,Nexus Protocol,Loop Finance,Starterra,Astroport,Stader,INK Protocol,TerraFloki,Soluna,White Whale,PRISM Protocol,Edge Protocol,Mars Protocol,Risk Harbor,Kujira,Angel Protocol,BaksDAO,Aperture Finance,Steak
13/11/2020,2686772.128,2686772.128,,,,,,,,,,,,,,,,,,,,,,,,,
14/11/2020,2599113.178,2599113.178,,,,,,,,,,,,,,,,,,,,,,,,,
15/11/2020,2647372.718,2647372.718,,,,,,,,,,,,,,,,,,,,,,,,,
16/11/2020,2624493.64,2624493.64,,,,,,,,,,,,,,,,,,,,,,,,,
17/11/2020,2637887.885,2637887.885,,,,,,,,,,,,,,,,,,,,,,,,,
18/11/2020,2650648.347,2650648.347,,,,,,,,,,,,,,,,,,,,,,,,,
19/11/2020,2643382.091,2643382.091,,,,,,,,,,,,,,,,,,,,,,,,,
20/11/2020,2754107.876,2754107.876,,,,,,,,,,,,,,,,,,,,,,,,,
21/11/2020,2789311.488,2789311.488,,,,,,,,,,,,,,,,,,,,,,,,,
22/11/2020,2783460.451,2783460.451,,,,,,,,,,,,,,,,,,,,,,,,,
23/11/2020,2938146.375,2938146.375,,,,,,,,,,,,,,,,,,,,,,,,,
24/11/2020,3059596.43,3059596.43,,,,,,,,,,,,,,,,,,,,,,,,,
25/11/2020,3061326.693,3061326.693,,,,,,,,,,,,,,,,,,,,,,,,,
26/11/2020,2824573.06,2824573.06,,,,,,,,,,,,,,,,,,,,,,,,,
27/11/2020,2966932.704,2966932.704,,,,,,,,,,,,,,,,,,,,,,,,,
28/11/2020,2942071.244,2942071.244,,,,,,,,,,,,,,,,,,,,,,,,,
29/11/2020,2919038.536,2919038.536,,,,,,,,,,,,,,,,,,,,,,,,,
30/11/2020,2985338.071,2985338.071,,,,,,,,,,,,,,,,,,,,,,,,,
1/12/2020,3007396.973,3007396.973,,,,,,,,,,,,,,,,,,,,,,,,,
2/12/2020,2958389.664,2958389.664,,,,,,,,,,,,,,,,,,,,,,,,,
3/12/2020,39020591.61,39020591.61,,,,,,,,,,,,,,,,,,,,,,,,,
4/12/2020,39603264.66,39603264.66,,,,,,,,,,,,,,,,,,,,,,,,,
5/12/2020,43243526.01,43243526.01,,,,,,,,,,,,,,,,,,,,,,,,,
6/12/2020,44113128.91,44113128.91,,,,,,,,,,,,,,,,,,,,,,,,,
7/12/2020,40215485.55,40215485.55,,,,,,,,,,,,,,,,,,,,,,,,,
8/12/2020,41184881.63,41184881.63,,,,,,,,,,,,,,,,,,,,,,,,,
9/12/2020,42965308.58,42965308.58,,,,,,,,,,,,,,,,,,,,,,,,,
10/12/2020,46729612.48,46729612.48,,,,,,,,,,,,,,,,,,,,,,,,,
11/12/2020,48737564.16,48737564.16,,,,,,,,,,,,,,,,,,,,,,,,,
12/12/2020,50067594.08,50067594.08,,,,,,,,,,,,,,,,,,,,,,,,,
13/12/2020,50147586,50147586,,,,,,,,,,,,,,,,,,,,,,,,,
14/12/2020,47826448.74,47826448.74,,,,,,,,,,,,,,,,,,,,,,,,,
15/12/2020,48161545.57,48161545.57,,,,,,,,,,,,,,,,,,,,,,,,,
16/12/2020,45558992.54,45558992.54,,,,,,,,,,,,,,,,,,,,,,,,,
17/12/2020,44627384.81,44627384.81,,,,,,,,,,,,,,,,,,,,,,,,,
18/12/2020,45481825.99,45481825.99,,,,,,,,,,,,,,,,,,,,,,,,,
19/12/2020,45726556.7,45726556.7,,,,,,,,,,,,,,,,,,,,,,,,,
20/12/2020,44663442.37,44663442.37,,,,,,,,,,,,,,,,,,,,,,,,,
21/12/2020,46160061.85,46160061.85,,,,,,,,,,,,,,,,,,,,,,,,,
22/12/2020,46617184.34,46617184.34,,,,,,,,,,,,,,,,,,,,,,,,,
23/12/2020,47609036.48,47609036.48,,,,,,,,,,,,,,,,,,,,,,,,,
24/12/2020,47652723.52,47652723.52,,,,,,,,,,,,,,,,,,,,,,,,,
25/12/2020,47739539.16,47739539.16,,,,,,,,,,,,,,,,,,,,,,,,,
26/12/2020,47987972.13,47987972.13,,,,,,,,,,,,,,,,,,,,,,,,,
27/12/2020,48681395.58,48681395.58,,,,,,,,,,,,,,,,,,,,,,,,,
28/12/2020,46556574.17,46556574.17,,,,,,,,,,,,,,,,,,,,,,,,,
29/12/2020,48193255.14,48193255.14,,,,,,,,,,,,,,,,,,,,,,,,,
30/12/2020,49930426,49930426,,,,,,,,,,,,,,,,,,,,,,,,,
31/12/2020,49857568.92,49857568.92,,,,,,,,,,,,,,,,,,,,,,,,,
1/1/2021,53158027.74,53158027.74,,,,,,,,,,,,,,,,,,,,,,,,,
2/1/2021,53298080.85,53298080.85,,,,,,,,,,,,,,,,,,,,,,,,,
3/1/2021,53337735.15,53337735.15,,,,,,,,,,,,,,,,,,,,,,,,,
4/1/2021,44562990.49,44562990.49,,,,,,,,,,,,,,,,,,,,,,,,,
5/1/2021,44509988.27,44509988.27,,,,,,,,,,,,,,,,,,,,,,,,,
6/1/2021,44760923.46,44760923.46,,,,,,,,,,,,,,,,,,,,,,,,,
7/1/2021,46761850.92,46761850.92,,,,,,,,,,,,,,,,,,,,,,,,,
8/1/2021,48489787.7,48489787.7,,,,,,,,,,,,,,,,,,,,,,,,,
9/1/2021,49678733.73,49678733.73,,,,,,,,,,,,,,,,,,,,,,,,,
10/1/2021,49047197.91,49047197.91,,,,,,,,,,,,,,,,,,,,,,,,,
11/1/2021,50380491.28,50380491.28,,,,,,,,,,,,,,,,,,,,,,,,,
12/1/2021,49389542.31,49389542.31,,,,,,,,,,,,,,,,,,,,,,,,,
13/1/2021,54986089.5,54986089.5,,,,,,,,,,,,,,,,,,,,,,,,,
14/1/2021,56406748.65,56406748.65,,,,,,,,,,,,,,,,,,,,,,,,,
15/1/2021,58261453.18,58261453.18,,,,,,,,,,,,,,,,,,,,,,,,,
16/1/2021,58090516.33,58090516.33,,,,,,,,,,,,,,,,,,,,,,,,,
17/1/2021,59562090.15,59562090.15,,,,,,,,,,,,,,,,,,,,,,,,,
18/1/2021,60476980.09,60476980.09,,,,,,,,,,,,,,,,,,,,,,,,,
19/1/2021,63550919.18,63550919.18,,,,,,,,,,,,,,,,,,,,,,,,,
20/1/2021,65209470.93,65209470.93,,,,,,,,,,,,,,,,,,,,,,,,,
21/1/2021,65642988.83,65642988.83,,,,,,,,,,,,,,,,,,,,,,,,,
22/1/2021,65099120.29,65099120.29,,,,,,,,,,,,,,,,,,,,,,,,,
23/1/2021,67861990.16,67861990.16,,,,,,,,,,,,,,,,,,,,,,,,,
24/1/2021,67253571.82,67253571.82,,,,,,,,,,,,,,,,,,,,,,,,,
25/1/2021,70998792.12,70998792.12,,,,,,,,,,,,,,,,,,,,,,,,,
26/1/2021,74184478.41,74184478.41,,,,,,,,,,,,,,,,,,,,,,,,,
27/1/2021,78705014.72,78705014.72,,,,,,,,,,,,,,,,,,,,,,,,,
28/1/2021,82612048.42,82612048.42,,,,,,,,,,,,,,,,,,,,,,,,,
29/1/2021,85872539.23,85872539.23,,,,,,,,,,,,,,,,,,,,,,,,,
30/1/2021,91859606.01,91859606.01,,,,,,,,,,,,,,,,,,,,,,,,,
31/1/2021,87836632.6,87836632.6,,,,,,,,,,,,,,,,,,,,,,,,,
1/2/2021,97822885.8,97822885.8,,,,,,,,,,,,,,,,,,,,,,,,,
2/2/2021,104766344.4,104766344.4,,,,,,,,,,,,,,,,,,,,,,,,,
3/2/2021,104227021.5,104227021.5,,,,,,,,,,,,,,,,,,,,,,,,,
4/2/2021,110024064.9,110024064.9,,,,,,,,,,,,,,,,,,,,,,,,,
5/2/2021,110710122.8,110710122.8,,,,,,,,,,,,,,,,,,,,,,,,,
6/2/2021,106611117,106611117,,,,,,,,,,,,,,,,,,,,,,,,,
7/2/2021,106985188,106985188,,,,,,,,,,,,,,,,,,,,,,,,,
8/2/2021,102453461.7,102453461.7,,,,,,,,,,,,,,,,,,,,,,,,,
9/2/2021,109898882,109898882,,,,,,,,,,,,,,,,,,,,,,,,,
10/2/2021,119356471.1,119356471.1,,,,,,,,,,,,,,,,,,,,,,,,,
11/2/2021,124687190.1,124687190.1,,,,,,,,,,,,,,,,,,,,,,,,,
12/2/2021,128746318.9,128746318.9,,,,,,,,,,,,,,,,,,,,,,,,,
13/2/2021,132757226.3,132757226.3,,,,,,,,,,,,,,,,,,,,,,,,,
14/2/2021,128947042.2,128947042.2,,,,,,,,,,,,,,,,,,,,,,,,,
15/2/2021,137372679.9,137372679.9,,,,,,,,,,,,,,,,,,,,,,,,,
16/2/2021,145188369.8,145188369.8,,,,,,,,,,,,,,,,,,,,,,,,,
17/2/2021,150820810.3,150820810.3,,,,,,,,,,,,,,,,,,,,,,,,,
18/2/2021,154669947.5,154669947.5,,,,,,,,,,,,,,,,,,,,,,,,,
19/2/2021,155316191.8,155316191.8,,,,,,,,,,,,,,,,,,,,,,,,,
20/2/2021,169979910.1,169979910.1,,,,,,,,,,,,,,,,,,,,,,,,,
21/2/2021,174015970.4,174015970.4,,,,,,,,,,,,,,,,,,,,,,,,,
22/2/2021,178403160.9,178403160.9,,,,,,,,,,,,,,,,,,,,,,,,,
23/2/2021,180407265.2,180407265.2,,,,,,,,,,,,,,,,,,,,,,,,,
24/2/2021,185295845.3,185295845.3,,,,,,,,,,,,,,,,,,,,,,,,,
25/2/2021,187000860.7,187000860.7,,,,,,,,,,,,,,,,,,,,,,,,,
26/2/2021,185943227.8,185943227.8,,,,,,,,,,,,,,,,,,,,,,,,,
27/2/2021,190614205.4,190614205.4,,,,,,,,,,,,,,,,,,,,,,,,,
28/2/2021,188121655.9,188121655.9,,,,,,,,,,,,,,,,,,,,,,,,,
1/3/2021,195366378.5,195366378.5,,,,,,,,,,,,,,,,,,,,,,,,,
2/3/2021,201244090.8,201244090.8,,,,,,,,,,,,,,,,,,,,,,,,,
3/3/2021,205927426.7,205927426.7,,,,,,,,,,,,,,,,,,,,,,,,,
4/3/2021,209012980.5,209012980.5,,,,,,,,,,,,,,,,,,,,,,,,,
5/3/2021,216561398.9,216561398.9,,,,,,,,,,,,,,,,,,,,,,,,,
6/3/2021,220268495.6,220268495.6,,,,,,,,,,,,,,,,,,,,,,,,,
7/3/2021,226358719.2,226358719.2,,,,,,,,,,,,,,,,,,,,,,,,,
8/3/2021,242668594.4,242668594.4,,,,,,,,,,,,,,,,,,,,,,,,,
9/3/2021,256210015.9,256210015.9,,,,,,,,,,,,,,,,,,,,,,,,,
10/3/2021,265272010.9,265272010.9,,,,,,,,,,,,,,,,,,,,,,,,,
11/3/2021,273662666.5,273662666.5,,,,,,,,,,,,,,,,,,,,,,,,,
12/3/2021,286786016.8,286786016.8,,,,,,,,,,,,,,,,,,,,,,,,,
13/3/2021,293360290.1,293360290.1,,,,,,,,,,,,,,,,,,,,,,,,,
14/3/2021,300575197.6,300575197.6,,,,,,,,,,,,,,,,,,,,,,,,,
15/3/2021,309060905.3,309060905.3,,,,,,,,,,,,,,,,,,,,,,,,,
16/3/2021,311889192.2,311889192.2,,,,,,,,,,,,,,,,,,,,,,,,,
17/3/2021,374946364.7,374946364.7,,,,,,,,,,,,,,,,,,,,,,,,,
18/3/2021,540312432,410764465.2,129547966.8,,,,,,,,,,,,,,,,,,,,,,,,
19/3/2021,616998928.3,448412618.7,168586309.6,,,,,,,,,,,,,,,,,,,,,,,,
20/3/2021,697514293.4,464038877.4,233475416.1,,,,,,,,,,,,,,,,,,,,,,,,
21/3/2021,717917519.2,474870097.4,243047421.9,,,,,,,,,,,,,,,,,,,,,,,,
22/3/2021,769296251.6,499347220.3,269949031.3,,,,,,,,,,,,,,,,,,,,,,,,
23/3/2021,771882987.2,492341484.7,279541502.5,,,,,,,,,,,,,,,,,,,,,,,,
24/3/2021,749216988.7,497749955.9,251467032.8,,,,,,,,,,,,,,,,,,,,,,,,
25/3/2021,780980598.6,496644508.7,284336089.8,,,,,,,,,,,,,,,,,,,,,,,,
26/3/2021,791483633.9,512855410.4,278628223.5,,,,,,,,,,,,,,,,,,,,,,,,
27/3/2021,845154138.7,525530654.9,319623483.8,,,,,,,,,,,,,,,,,,,,,,,,
28/3/2021,849431228,534672951,314758277,,,,,,,,,,,,,,,,,,,,,,,,
29/3/2021,899898039.2,574083871.5,325814167.6,,,,,,,,,,,,,,,,,,,,,,,,
30/3/2021,958151051.7,587071349.1,371079702.6,,,,,,,,,,,,,,,,,,,,,,,,
31/3/2021,982503580.8,593102636.5,389400944.2,,,,,,,,,,,,,,,,,,,,,,,,
1/4/2021,1020070807,619041992.4,401028814.8,,,,,,,,,,,,,,,,,,,,,,,,
2/4/2021,1039887529,629869620.6,410017908.8,,,,,,,,,,,,,,,,,,,,,,,,
3/4/2021,1042243314,623221788,419021526.5,,,,,,,,,,,,,,,,,,,,,,,,
4/4/2021,1031196332,612459524.7,418736807,,,,,,,,,,,,,,,,,,,,,,,,
5/4/2021,1062409835,647794719.5,414615115.5,,,,,,,,,,,,,,,,,,,,,,,,
6/4/2021,2832353553,673148502.3,408839117.6,1750365933,,,,,,,,,,,,,,,,,,,,,,,
7/4/2021,2869965181,683904499.9,401772596.5,1784288085,,,,,,,,,,,,,,,,,,,,,,,
8/4/2021,2862039697,699454747.8,406479360,1756105589,,,,,,,,,,,,,,,,,,,,,,,
9/4/2021,3009078239,761438838,429320709.1,1818318692,,,,,,,,,,,,,,,,,,,,,,,
10/4/2021,3136530070,754674359.6,531110027.5,1850745683,,,,,,,,,,,,,,,,,,,,,,,
11/4/2021,3162144079,766827883.4,519579959.7,1875736236,,,,,,,,,,,,,,,,,,,,,,,
12/4/2021,3138951152,750833166.4,511163204.2,1876954781,,,,,,,,,,,,,,,,,,,,,,,
13/4/2021,3108431036,782127126.1,502993573,1823310337,,,,,,,,,,,,,,,,,,,,,,,
14/4/2021,3292503078,792201015.6,570775794,1929526268,,,,,,,,,,,,,,,,,,,,,,,
15/4/2021,3272951889,822191827,546756803.5,1904003258,,,,,,,,,,,,,,,,,,,,,,,
16/4/2021,3307778900,824919982.5,574383362.4,1908475555,,,,,,,,,,,,,,,,,,,,,,,
17/4/2021,3335711422,824186008.6,610025456.7,1901499957,,,,,,,,,,,,,,,,,,,,,,,
18/4/2021,3244925619,746896696.4,607904251.5,1890124671,,,,,,,,,,,,,,,,,,,,,,,
19/4/2021,3154034353,799246447.2,507692276.8,1847095629,,,,,,,,,,,,,,,,,,,,,,,
20/4/2021,3320109981,805165412.1,628178291,1886766278,,,,,,,,,,,,,,,,,,,,,,,
21/4/2021,3296406192,823771978.4,552311000.9,1920323213,,,,,,,,,,,,,,,,,,,,,,,
22/4/2021,3953061935,860485942.1,583350504.5,1939519304,569706184.3,,,,,,,,,,,,,,,,,,,,,,
23/4/2021,3972313548,857606908.9,601932656.4,1937841298,574932685.6,,,,,,,,,,,,,,,,,,,,,,
24/4/2021,3807266213,862727134.2,550533697,1806568477,587436905.3,,,,,,,,,,,,,,,,,,,,,,
25/4/2021,4060995779,875680735.7,616674216,1919244711,649396115.9,,,,,,,,,,,,,,,,,,,,,,
26/4/2021,4291794948,916136674.7,703150990.1,1943546983,728960299.8,,,,,,,,,,,,,,,,,,,,,,
27/4/2021,4396507710,946636159.3,758429902.8,1981393216,710048432.2,,,,,,,,,,,,,,,,,,,,,,
28/4/2021,4472972724,949022769.7,812324539.1,2007431718,704193696.7,,,,,,,,,,,,,,,,,,,,,,
29/4/2021,4403505353,960738374.2,763090934.4,2011204501,668471543.8,,,,,,,,,,,,,,,,,,,,,,
30/4/2021,4491220660,958684329.7,764831899.6,2065463575,702240855.5,,,,,,,,,,,,,,,,,,,,,,
1/5/2021,4571417523,968122191.8,795092693.5,2042183368,766019269.4,,,,,,,,,,,,,,,,,,,,,,
2/5/2021,4562184786,980900041.4,780588659.5,2048567434,752128650.3,,,,,,,,,,,,,,,,,,,,,,
3/5/2021,4272284965,1012850580,819532632.1,1622065558,817836194.9,,,,,,,,,,,,,,,,,,,,,,
4/5/2021,4273100504,993811232,892548331.3,1633319949,753420991.8,,,,,,,,,,,,,,,,,,,,,,
5/5/2021,4240503236,997777987.9,827609441.5,1677090242,738025564.6,,,,,,,,,,,,,,,,,,,,,,
6/5/2021,4300421325,1002541248,837796943.7,1697773143,762309990.4,,,,,,,,,,,,,,,,,,,,,,
7/5/2021,4287531573,1024569265,829581776.4,1683460966,749919565.8,,,,,,,,,,,,,,,,,,,,,,
8/5/2021,4261228171,1029362782,798401362.8,1684264644,749199381.8,,,,,,,,,,,,,,,,,,,,,,
9/5/2021,4318545087,1038627691,815262349.4,1693652020,771003027.1,,,,,,,,,,,,,,,,,,,,,,
10/5/2021,4328025929,1015350500,832301718,1706905566,773468145,,,,,,,,,,,,,,,,,,,,,,
11/5/2021,4272604309,1013589219,829030501.4,1708141052,721843536.5,,,,,,,,,,,,,,,,,,,,,,
12/5/2021,4291776702,1023289717,775608983.6,1732740866,760137135.4,,,,,,,,,,,,,,,,,,,,,,
13/5/2021,4243946708,1004866325,814324568.1,1668281660,756474154.6,,,,,,,,,,,,,,,,,,,,,,
14/5/2021,4303100994,1032742062,802185206.5,1685705564,782468160.9,,,,,,,,,,,,,,,,,,,,,,
15/5/2021,4141323746,1011278341,744290521.4,1652696956,733057928.6,,,,,,,,,,,,,,,,,,,,,,
16/5/2021,4271810237,1010818441,800132744.4,1680944812,779914239.1,,,,,,,,,,,,,,,,,,,,,,
17/5/2021,4138740852,996785306.7,736477699,1675033009,730444837.6,,,,,,,,,,,,,,,,,,,,,,
18/5/2021,4178077851,982353669.7,780304062,1642653859,772766260.1,,,,,,,,,,,,,,,,,,,,,,
19/5/2021,3364482146,800840993,486805747.8,1512776258,564059147.2,,,,,,,,,,,,,,,,,,,,,,
20/5/2021,3368769523,779352732.9,528564480.6,1462959991,597892318.7,,,,,,,,,,,,,,,,,,,,,,
21/5/2021,3066094325,720979154.2,395548809.7,1411233437,538332924.4,,,,,,,,,,,,,,,,,,,,,,
22/5/2021,2954185215,703993623.3,318695602.4,1428238575,503257413.6,,,,,,,,,,,,,,,,,,,,,,
23/5/2021,2422512568,543718997.8,213901927,1258434764,406456879.2,,,,,,,,,,,,,,,,,,,,,,
24/5/2021,2615343234,566668334.2,338720688.5,1206302960,503651251.2,,,,,,,,,,,,,,,,,,,,,,
25/5/2021,2629837230,572147576.8,320506786.4,1231937645,505245221.1,,,,,,,,,,,,,,,,,,,,,,
26/5/2021,2804233734,597283994.3,359243240.5,1306758739,540947760.6,,,,,,,,,,,,,,,,,,,,,,
27/5/2021,2802201975,618907240.8,328362060.5,1341971236,512961437.5,,,,,,,,,,,,,,,,,,,,,,
28/5/2021,2780277556,627959497.8,291849979.4,1374140993,486327085.7,,,,,,,,,,,,,,,,,,,,,,
29/5/2021,2713377618,614872636.7,273690391.2,1356306748,468507841.8,,,,,,,,,,,,,,,,,,,,,,
30/5/2021,2795986631,617327902.5,310805025,1364475762,503377941.8,,,,,,,,,,,,,,,,,,,,,,
31/5/2021,2889292691,625212839.8,349465013.8,1373061869,541552969.1,,,,,,,,,,,,,,,,,,,,,,
1/6/2021,2898086345,626082333.3,345195756.1,1394505973,532302282.7,,,,,,,,,,,,,,,,,,,,,,
2/6/2021,3006482669,636166708.4,380297763.5,1427311484,562706713.1,,,,,,,,,,,,,,,,,,,,,,
3/6/2021,3105149968,649898178.6,430520823.5,1419529025,605201940.9,,,,,,,,,,,,,,,,,,,,,,
4/6/2021,2937997853,641606067.8,371228977.9,1378951382,546211426.3,,,,,,,,,,,,,,,,,,,,,,
5/6/2021,2906874078,635090089.4,347988118.2,1393452351,530343519.5,,,,,,,,,,,,,,,,,,,,,,
6/6/2021,2940580400,644357012.6,359738820.1,1398231182,538253385.4,,,,,,,,,,,,,,,,,,,,,,
7/6/2021,2878025172,665530588.4,324501132.2,1379962787,508030664.3,,,,,,,,,,,,,,,,,,,,,,
8/6/2021,2920197789,675934368.7,338679472.7,1371959870,533624077.7,,,,,,,,,,,,,,,,,,,,,,
9/6/2021,3008675696,684402648.8,370195498.2,1383586083,570491465.4,,,,,,,,,,,,,,,,,,,,,,
10/6/2021,3014819547,687501954.2,376123526.3,1374193698,577000368.5,,,,,,,,,,,,,,,,,,,,,,
11/6/2021,2937005336,674931334.7,348704338.8,1363530781,549838881.5,,,,,,,,,,,,,,,,,,,,,,
12/6/2021,2937521781,670374194.3,351812422.6,1358811893,556523271,,,,,,,,,,,,,,,,,,,,,,
13/6/2021,3044975367,675080918.4,396067401.7,1366879903,606947144.2,,,,,,,,,,,,,,,,,,,,,,
14/6/2021,3074793683,671999334.4,411167251.1,1362483086,629144011.6,,,,,,,,,,,,,,,,,,,,,,
15/6/2021,3145293364,671381489.7,443138448.3,1369286792,661486633.6,,,,,,,,,,,,,,,,,,,,,,
16/6/2021,3074846372,664589698.8,412593966.6,1357207986,640454721,,,,,,,,,,,,,,,,,,,,,,
17/6/2021,3137977301,680311833.9,414083908.8,1400875419,642706139.8,,,,,,,,,,,,,,,,,,,,,,
18/6/2021,3141707725,690734160.6,404724593.8,1425902571,620346399.1,,,,,,,,,,,,,,,,,,,,,,
19/6/2021,3126194588,689274998,397012832.2,1415952815,623953942.8,,,,,,,,,,,,,,,,,,,,,,
20/6/2021,3142652843,683824539,407916775.2,1410810634,640100894.8,,,,,,,,,,,,,,,,,,,,,,
21/6/2021,2982013965,663308097.7,340974523.7,1408875438,568855905.4,,,,,,,,,,,,,,,,,,,,,,
22/6/2021,3002763629,665982131.4,343080870.1,1416949292,576751335.3,,,,,,,,,,,,,,,,,,,,,,
23/6/2021,3117106519,684395063.2,383609961.8,1439558011,609543483.2,,,,,,,,,,,,,,,,,,,,,,
24/6/2021,3172440692,704564934.7,401852021.5,1448069729,617954006.4,,,,,,,,,,,,,,,,,,,,,,
25/6/2021,3139221002,710544397.1,383275545.2,1439254182,606146878.1,,,,,,,,,,,,,,,,,,,,,,
26/6/2021,3157308666,703576939.7,387135462.9,1450110281,616485982.1,,,,,,,,,,,,,,,,,,,,,,
27/6/2021,3204688912,714876863.8,405115180.8,1439218074,645478793.9,,,,,,,,,,,,,,,,,,,,,,
28/6/2021,3221175113,704397126.7,416084594.2,1433037507,667655884.9,,,,,,,,,,,,,,,,,,,,,,
29/6/2021,3306315334,711311275.8,452704965.3,1437025823,705273270.4,,,,,,,,,,,,,,,,,,,,,,
30/6/2021,3415794401,716550788.7,495906367.4,1453598820,749738424.8,,,,,,,,,,,,,,,,,,,,,,
1/7/2021,3337201208,717399952.3,450121917.5,1454514329,715165009.3,,,,,,,,,,,,,,,,,,,,,,
2/7/2021,3358737618,740992260.8,438945093.6,1467761221,711039042.6,,,,,,,,,,,,,,,,,,,,,,
3/7/2021,3362246757,738376893.8,446747009.4,1459539935,717582919.7,,,,,,,,,,,,,,,,,,,,,,
4/7/2021,3395734578,739538793.8,459508115.3,1462436274,734251395.1,,,,,,,,,,,,,,,,,,,,,,
5/7/2021,3417579128,740222408.8,454095664,1470978576,752282478.8,,,,,,,,,,,,,,,,,,,,,,
6/7/2021,3478079176,747090589.9,485793762,1460976303,784218521.1,,,,,,,,,,,,,,,,,,,,,,
7/7/2021,3622108283,762443843.8,553487418.3,1472957498,833219522.7,,,,,,,,,,,,,,,,,,,,,,
8/7/2021,3508911282,738423444.7,522326621.1,1435614026,812547189.8,,,,,,,,,,,,,,,,,,,,,,
9/7/2021,3763839146,751445294,636812649.8,1444978158,930603044.2,,,,,,,,,,,,,,,,,,,,,,
10/7/2021,3724478225,751437470.2,617290540.6,1439260039,916490175,,,,,,,,,,,,,,,,,,,,,,
11/7/2021,3809071317,754568952.7,657223839,1440426971,956851554,,,,,,,,,,,,,,,,,,,,,,
12/7/2021,3711927199,743075108.1,619119346.3,1427024094,922708650.5,,,,,,,,,,,,,,,,,,,,,,
13/7/2021,3620179913,737868108.9,552660727.3,1441070317,888580759.7,,,,,,,,,,,,,,,,,,,,,,
14/7/2021,3637163177,731485885.1,548431394.9,1432885172,903419482.8,20941241.76,,,,,,,,,,,,,,,,,,,,,
15/7/2021,3558380353,712760230.4,522887340.5,1420134658,881656882.2,20941241.76,,,,,,,,,,,,,,,,,,,,,
16/7/2021,3569476676,715318588.8,520642766.7,1416283960,896270818.8,20960541.87,,,,,,,,,,,,,,,,,,,,,
17/7/2021,3554784848,705533564.8,516888542.2,1409183308,903692611.9,19486820.6,,,,,,,,,,,,,,,,,,,,,
18/7/2021,3602116270,709018234.8,527414743.7,1421833734,924348931.9,19500625.53,,,,,,,,,,,,,,,,,,,,,
19/7/2021,3454952060,682266507.8,480493557.6,1376803074,896054747.8,19334172.88,,,,,,,,,,,,,,,,,,,,,
20/7/2021,3445368871,676012744.2,476486203.4,1359939545,913074480,19855899.08,,,,,,,,,,,,,,,,,,,,,
21/7/2021,3593094880,683130440.1,540827053.3,1367448781,980576219.1,21112386.69,,,,,,,,,,,,,,,,,,,,,
22/7/2021,3707605572,689973615.4,595514894.2,1364434784,1035780425,21901852.93,,,,,,,,,,,,,,,,,,,,,
23/7/2021,3797239219,711864150.7,630667244.3,1375751643,1055923600,23032581.59,,,,,,,,,,,,,,,,,,,,,
24/7/2021,3934992237,722231805.6,687952641.2,1383344860,1117391662,24071268.57,,,,,,,,,,,,,,,,,,,,,
25/7/2021,3914917269,719811102.9,667058402.7,1399328896,1104508479,24210387.97,,,,,,,,,,,,,,,,,,,,,
26/7/2021,3944620449,721622054.3,686404275.9,1396322794,1113608210,26663114.68,,,,,,,,,,,,,,,,,,,,,
27/7/2021,4104255822,720997721.9,764427005.2,1391392972,1199722955,27715168.77,,,,,,,,,,,,,,,,,,,,,
28/7/2021,4360693722,735293962.5,886941669.9,1394310802,1315429563,28717724.93,,,,,,,,,,,,,,,,,,,,,
29/7/2021,4398473343,756944163.4,894523424.8,1405229817,1311243408,30532529.34,,,,,,,,,,,,,,,,,,,,,
30/7/2021,4356853696,745884909,881818643.7,1392796254,1305108766,31245123.89,,,,,,,,,,,,,,,,,,,,,
31/7/2021,4356223651,753262222.3,877105261.8,1394267529,1299748370,31840267.92,,,,,,,,,,,,,,,,,,,,,
1/8/2021,4517990045,757814581.4,958020956.2,1391986276,1377830789,32337441.97,,,,,,,,,,,,,,,,,,,,,
2/8/2021,4635659022,763564734.5,1004861107,1392080458,1425777329,34558676.58,445503.4487,14371213.44,,,,,,,,,,,,,,,,,,,
3/8/2021,4967166545,785091350.5,1178347841,1375902309,1577005500,35889413.72,445127.7057,14485003.4,,,,,,,,,,,,,,,,,,,
4/8/2021,4935198398,760308432.4,1185797693,1381431180,1554170524,38497902.19,446470.7926,14546196.43,,,,,,,,,,,,,,,,,,,
5/8/2021,4950642743,761893047.8,1187344416,1387260250,1557530869,41583597.9,448717.3464,14581844.97,,,,,,,,,,,,,,,,,,,
6/8/2021,4907518594,763527442.8,1138202847,1392228556,1556807583,41701392.01,449389.3464,14601382.82,,,,,,,,,,,,,,,,,,,
7/8/2021,4939815071,767788867.7,1146184409,1395643578,1571804723,43125537.77,453191.9122,14814762.79,,,,,,,,,,,,,,,,,,,
8/8/2021,4739016547,758292722.7,1053093802,1386796697,1482542865,42971178.93,451216.0417,14868065.58,,,,,,,,,,,,,,,,,,,
9/8/2021,4869285141,802283308.1,1105365560,1388209843,1513881180,44097775.39,453222.292,14994251.15,,,,,,,,,,,,,,,,,,,
10/8/2021,5226944191,825247871.9,1265288797,1375054366,1701260617,44606486.24,454251.292,15031801.73,,,,,,,,,,,,,,,,,,,
11/8/2021,5285672784,827011374.7,1269970826,1388912057,1736298461,47820614.35,448977.2127,15210473.85,,,,,,,,,,,,,,,,,,,
12/8/2021,5246066561,831540564.5,1269617410,1372062697,1710308688,46557877.94,457681.1242,15521641.69,,,,,,,,,,,,,,,,,,,
13/8/2021,5400074548,851604576.5,1358696942,1372555490,1752050967,48685520.02,453975.6279,16027075.92,,,,,,,,,,,,,,,,,,,
14/8/2021,5346744486,856125138.7,1331105610,1378254399,1714666395,49754496.35,453466.2912,16384980.5,,,,,,,,,,,,,,,,,,,
15/8/2021,5546379760,871822028.6,1387377019,1380936590,1840502402,48681162.1,456141.2912,16604417.34,,,,,,,,,,,,,,,,,,,
16/8/2021,6108459292,887890697.4,1593150362,1390845315,2168454452,50397382.01,456796.607,17264286.15,,,,,,,,,,,,,,,,,,,
17/8/2021,6571281674,910743498.5,1813054100,1416161778,2361078043,52256199.88,457078.9663,17530976.23,,,,,,,,,,,,,,,,,,,
18/8/2021,7434329749,950249983.1,2260748223,1435723859,2705730125,54646932.81,451906.1719,26778720.08,,,,,,,,,,,,,,,,,,,
19/8/2021,7126467844,966768684.1,2008860198,1457625205,2609770526,55216269.24,465024.6742,27761937.55,,,,,,,,,,,,,,,,,,,
20/8/2021,7272640724,978992005.2,2078122852,1454861081,2674457914,57975716.13,457051.5433,27774104.46,,,,,,,,,,,,,,,,,,,
21/8/2021,6861579267,952332617.3,1880915263,1434723971,2509032310,55801551.09,456126.1049,28317428.4,,,,,,,,,,,,,,,,,,,
22/8/2021,6830334385,940314090.7,1838099702,1446341451,2521440705,54887962.18,459327.1049,28791146.69,,,,,,,,,,,,,,,,,,,
23/8/2021,7130324414,990116635.1,1970056373,1441807573,2639878416,58998314.14,463563.2533,29003538.46,,,,,,,,,,,,,,,,,,,
24/8/2021,7131326108,996988570.5,2003832703,1420623958,2620012304,60337132.39,464942.9572,29066497.8,,,,,,,,,,,,,,,,,,,
25/8/2021,7093547465,999663151.5,1937174807,1421552022,2644354153,61082726.99,464554.2038,29256050.7,,,,,,,,,,,,,,,,,,,
26/8/2021,6723505265,975713981.5,1760718356,1417750039,2478779471,60716470.26,471710.1115,29355236.66,,,,,,,,,,,,,,,,,,,
27/8/2021,7437328376,977376885.6,2107492707,1432111459,2827715244,61732899.64,475609.1115,30423571.07,,,,,,,,,,,,,,,,,,,
28/8/2021,7454447025,1029327958,1938600159,1437651278,2953013934,64720101.47,338956.5427,30794638.13,,,,,,,,,,,,,,,,,,,
29/8/2021,7479333402,1055150411,2022198302,1445272416,2859259152,66051075.41,344419.5427,31057625.32,,,,,,,,,,,,,,,,,,,
30/8/2021,7744031435,1093466766,2265683626,1448570608,2840002049,64732818.07,345092.2284,31230476.12,,,,,,,,,,,,,,,,,,,
31/8/2021,7512678190,1072498491,2131430338,1447497597,2756729922,72828382.84,345179.1893,31348280.92,,,,,,,,,,,,,,,,,,,
1/9/2021,7499323824,1087904771,2119219801,1466670314,2719226246,74446710.08,335862.0556,31520121.26,,,,,,,,,,,,,,,,,,,
2/9/2021,7543300598,1111092817,2038256982,1459511130,2826512911,76343298.43,,31583458.61,,,,,,,,,,,,,,,,,,,
3/9/2021,7481875648,1095610922,2073633707,1448482439,2752476426,79877227.11,,31794926.78,,,,,,,,,,,,,,,,,,,
4/9/2021,7530898958,1114953729,2087169646,1454516487,2761257342,80953216.68,,32048539.16,,,,,,,,,,,,,,,,,,,
5/9/2021,7665090062,1131549456,2004441187,1458371807,2954750580,83875072.82,,32101958.66,,,,,,,,,,,,,,,,,,,
6/9/2021,7613223169,1128618336,2071009407,1457593853,2837312649,86455138,,32233784.9,,,,,,,,,,,,,,,,,,,
7/9/2021,7026484488,853867270.1,2070861940,1448366772,2543973062,77153349.09,,32262094.55,,,,,,,,,,,,,,,,,,,
8/9/2021,7002554445,853084934.6,1908523261,1435315245,2691729152,81625223.32,,32276630.02,,,,,,,,,,,,,,,,,,,
9/9/2021,6926171271,891095082,1729595377,1434532572,2750115964,88431316.9,,32400958.96,,,,,,,,,,,,,,,,,,,
10/9/2021,7914425252,994498330.1,1847946742,1466516708,3476002397,96620858.24,,32840217.09,,,,,,,,,,,,,,,,,,,
11/9/2021,8174486431,998855439.9,2364173862,1457011912,3219647028,101795135.7,,33003053.58,,,,,,,,,,,,,,,,,,,
12/9/2021,8452132957,1019242822,2517114347,1457113636,3254865265,106887183,,96909702.6,,,,,,,,,,,,,,,,,,,
13/9/2021,8322503407,1010978782,2573508803,1444548390,3093082724,103128409.8,,97256297.97,,,,,,,,,,,,,,,,,,,
14/9/2021,8172901559,1100581864,2252221020,1468415443,3014347771,77365558.08,,98135205.61,161834697.5,,,,,,,,,,,,,,,,,,
15/9/2021,8348421232,1126162587,2286614056,1465360754,3081176027,77476834.14,,98053522.35,213577450.5,,,,,,,,,,,,,,,,,,
16/9/2021,8524056741,1141262773,2352763686,1478892561,3164238020,89913323.87,,99682315.07,197304061.4,,,,,,,,,,,,,,,,,,
17/9/2021,8110680279,1105814019,2167534313,1472731647,2996981351,91438561.44,,100601388.1,175578998.1,,,,,,,,,,,,,,,,,,
18/9/2021,8177967294,1114623650,2194273383,1472989725,3024949863,93524455.35,,100018579.1,177587638.3,,,,,,,,,,,,,,,,,,
19/9/2021,7929039596,1080967791,2084505489,1454784297,2937892913,97928413.12,278412.8501,100607481.6,172074798.5,,,,,,,,,,,,,,,,,,
20/9/2021,7136742863,944218069.5,1778720124,1411526322,2679208400,91513774.73,277399.4984,100897070.6,130381703.7,,,,,,,,,,,,,,,,,,
21/9/2021,6760247375,912097117.8,1623725646,1403748632,2507825265,87582240.22,277980.8984,100993910.7,123996583.4,,,,,,,,,,,,,,,,,,
22/9/2021,7973151880,1016133873,2162839506,1422073080,3029642137,100370137,276169.6932,101130363.7,140686613.9,,,,,,,,,,,,,,,,,,
23/9/2021,8415580946,1056745147,2362203099,1412334865,3224202937,105677670.4,278662.1522,102662582.1,151475983,,,,,,,,,,,,,,,,,,
24/9/2021,8605056260,1099558541,2441683444,1409115900,3290249224,108085926.5,279320.2522,102741660.9,153342244,,,,,,,,,,,,,,,,,,
25/9/2021,8720859480,1077437697,2504358703,1410701935,3360014095,108873522.2,277496.9132,103520570.4,155675460.4,,,,,,,,,,,,,,,,,,
26/9/2021,8244873419,1061431299,2250174325,1418531687,3148974212,106991799.6,283365.3103,105593426.9,152893303,,,,,,,,,,,,,,,,,,
27/9/2021,8507638558,1084298606,2384151491,1412368874,3256116215,112464657,279937.6918,104783287.4,153175489.5,,,,,,,,,,,,,,,,,,
28/9/2021,7958279261,1025568863,2146238162,1399619462,3024523357,113248943.2,272874.2739,105655024.7,143152574.8,,,,,,,,,,,,,,,,,,
29/9/2021,8077306679,1018543636,2221754070,1394716092,3085143308,112505036.3,274888.0561,106714305.6,137655344,,,,,,,,,,,,,,,,,,
30/9/2021,8439283487,1072960066,2505161377,1402511201,3091771259,120312331.8,275534.8959,106757687.8,139534029.2,,,,,,,,,,,,,,,,,,
1/10/2021,8916487581,1198539399,2578397530,1390309673,3360911939,131280329,277593.7959,107798703.9,148972413.6,,,,,,,,,,,,,,,,,,
2/10/2021,9194333756,1240910941,2718803837,1392445580,3439489777,135598473.8,276195.6423,108398153.2,158410798,,,,,,,,,,,,,,,,,,
3/10/2021,9483733247,1265812494,2770166082,1392373615,3637815709,138985780.6,278732.4423,110451650.6,167849182.4,,,,,,,,,,,,,,,,,,
4/10/2021,10069292978,1306314046,3010791701,1416307677,3902419805,143712541.4,280505.755,114357639.2,175109061.9,,,,,,,,,,,,,,,,,,
5/10/2021,9920070396,1321560013,2908714546,1406314693,3844197362,148294273.2,281793.055,116290458.4,174417256.6,,,,,,,,,,,,,,,,,,
6/10/2021,9846829448,1318339321,2891729119,1393482010,3803158752,148782036.8,282043.055,116535938.6,174520228.3,,,,,,,,,,,,,,,,,,
7/10/2021,9483199985,1294754717,2717242351,1395251413,3641418636,154434246.8,280159.1412,117820292.1,161998169.6,,,,,,,,,,,,,,,,,,
8/10/2021,10264310833,1281170114,3150491518,1392512825,3985023693,164459590.6,284954.4255,121465474.5,168902664,,,,,,,,,,,,,,,,,,
9/10/2021,9715801690,1247585510,2889353729,1305421539,3802380196,169836898.8,288039.5255,130783827.2,170151949.9,,,,,,,,,,,,,,,,,,
10/10/2021,9556467993,1244000906,2847178696,1309487014,3682959013,172966230.9,286857.6046,132139950.7,167449323.7,,,,,,,,,,,,,,,,,,
11/10/2021,9234340930,1200416303,2654328873,1308460664,3621021674,161162015.3,292450.1583,134629664.1,154029286.9,,,,,,,,,,,,,,,,,,
12/10/2021,8995136168,1216831699,2484098376,1312493888,3536630925,159006181.7,292518.0966,134519544.7,151263034.5,,,,,,,,,,,,,,,,,,
13/10/2021,8965032033,1153247095,2437335635,1295714392,3633810275,156509297.4,296787.1836,137204349.2,150914201.5,,,,,,,,,,,,,,,,,,
14/10/2021,8876894072,1161691172,2485195014,1286138897,3502287503,154558482.8,286345.0825,137657588.1,149079070.3,,,,,,,,,,,,,,,,,,
15/10/2021,8941942025,1145857534,2509670493,1293114665,3552389353,152413799.9,290390.1142,138943019.6,149262770.5,,,,,,,,,,,,,,,,,,
16/10/2021,8993510939,1143079789,2548481469,1297514321,3567166510,149910881.9,291981.6856,139890055.8,147175931.1,,,,,,,,,,,,,,,,,,
17/10/2021,8935595352,1148188034,2504606287,1296372726,3546336479,148693734.7,291989.4863,143644553.1,147461549,,,,,,,,,,,,,,,,,,
18/10/2021,8981238706,1141647601,2549052286,1290753971,3563988549,143479125.9,294386.7863,144652222,147370564.2,,,,,,,,,,,,,,,,,,
19/10/2021,8815039317,1143852872,2437466625,1297811597,3491360504,146789612.5,296989.5121,149235821.3,148225296,,,,,,,,,,,,,,,,,,
20/10/2021,9177276890,1153695539,2590625484,1289431327,3701536023,145339886.5,298600.2121,149655970.2,146694059,,,,,,,,,,,,,,,,,,
21/10/2021,10022016397,1210233390,2981674682,1306428462,4064973199,155181204.3,297118.0732,150201771.2,153026570.5,,,,,,,,,,,,,,,,,,
22/10/2021,9868231930,1202097704,2903099799,1310106517,3997023373,152713125.9,303934.9221,152469907.8,150417568.3,,,,,,,,,,,,,,,,,,
23/10/2021,10030824162,1199073313,3030074786,1298092362,4044178531,165350059.8,302683.9655,151782815,141969611.8,,,,,,,,,,,,,,,,,,
24/10/2021,10004867943,1202486692,2994769224,1300947230,4044897869,164592833.2,306884.4251,153756010.9,143111198.8,,,,,,,,,,,,,,,,,,
25/10/2021,9800755427,1178248880,2924235575,1294055975,3950593049,163145561.3,305344.1595,154174528.5,135996513.7,,,,,,,,,,,,,,,,,,
26/10/2021,10143901632,1192664766,3090251101,1283128511,4122511413,163499735.2,307184.1824,155327847.8,136211073.8,,,,,,,,,,,,,,,,,,
27/10/2021,10054025530,1189870588,3055345932,1279809366,4072700139,163923497.1,308588.5874,156300916.1,135766503.7,,,,,,,,,,,,,,,,,,
28/10/2021,9420913324,1125898588,2806879016,1252699592,3791513590,160712208.4,303586.7726,155502179,127404563.4,,,,,,,,,,,,,,,,,,
29/10/2021,9918859497,1159040655,3036563812,1270972212,3979343541,186050391.4,309461.5627,157523664.2,129055760.4,,,,,,,,,,,,,,,,,,
30/10/2021,10099021390,1147477976,3129111101,1265764908,4083208939,180997149,307275.2226,156310956.2,135843085.8,,,,,,,,,,,,,,,,,,
31/10/2021,9951650191,1147456249,3009870792,1280968008,4040747884,186944103,307763.9928,158261438.9,127093952.4,,,,,,,,,,,,,,,,,,
1/11/2021,9877068469,1136042353,2995184381,1265371627,4003223687,194427442.2,305958.8245,158284036.8,124228983.3,,,,,,,,,,,,,,,,,,
2/11/2021,10089063284,1132769914,3062176533,1267731609,4088349274,189960803.1,307250.3276,161043872.2,119995076.6,66728952.75,,,,,,,,,,,,,,,,,
3/11/2021,10163319375,1141165459,3078173229,1272713896,4129669370,192302524.9,307886.1276,162780714.4,119610441.9,66595854.18,,,,,,,,,,,,,,,,,
4/11/2021,10674876074,1182677695,3318453083,1291257276,4325836209,195470202.5,305309.6169,163834418.6,119038201.8,78003677.33,,,,,,,,,,,,,,,,,
5/11/2021,11192182103,1217447932,3569171704,1299083718,4542116299,193429372.3,309634.6073,167241172.1,120771259.6,82611010.67,,,,,,,,,,,,,,,,,
6/11/2021,10963379743,1206972055,3453653489,1295694041,4418858192,191442534.4,310508.6613,167971109.7,119967762.3,108510051.8,,,,,,,,,,,,,,,,,
7/11/2021,11138887036,1216260008,3520447072,1302041809,4501966661,195144435.9,307460.182,168669695.6,120581704.8,113468188.5,,,,,,,,,,,,,,,,,
8/11/2021,11226513301,1186498480,3460926584,1284523219,4707541951,191370267.3,305669.8218,168456653.5,115989574,110900902,,,,,,,,,,,,,,,,,
9/11/2021,11492925837,1208768361,3691032808,1307735651,4677369402,191069345.7,306860.8364,169071859.6,113586897,124466362.6,9518288.866,,,,,,,,,,,,,,,,
10/11/2021,11079382353,1272911694,3428171582,1308204972,4464254058,190890167.6,307707.0364,170468897.6,114136250.4,120500409.6,9536614.056,,,,,,,,,,,,,,,,
11/11/2021,10806356715,1287741868,3294295161,1294172099,4339011096,183686567.4,308006.4025,172495377.4,108583559,117035739.1,9027240.604,,,,,,,,,,,,,,,,
12/11/2021,11227318478,1339472027,3448358638,1294767599,4530157398,180315248.1,309150.8555,172798011.2,126563053.2,125642733.1,8934619.337,,,,,,,,,,,,,,,,
13/11/2021,11098380926,1345601637,3407017765,1286719438,4453790106,178336173.1,309723.8285,173120020.8,124365600.2,121559616.1,7560846.621,,,,,,,,,,,,,,,,
14/11/2021,11372495809,1356240332,3537553555,1282683778,4587768538,177531859.7,308731.1359,173255620.5,123180431.9,126529698.5,7443264.622,,,,,,,,,,,,,,,,
15/11/2021,11296870967,1343044831,3493608973,1280997761,4568345902,179182064.7,310117.8659,173477863.3,123985902.5,126503207.8,7414343.742,,,,,,,,,,,,,,,,
16/11/2021,10764625939,1291722308,3248730191,1278206926,4347152365,177305791.6,311161.9731,175888782.5,120018088.6,118183107.5,7107216.482,,,,,,,,,,,,,,,,
17/11/2021,10025064887,1227982245,2943891699,1254037042,4071971884,163998368.5,312000.5761,176140596.7,111041130.4,68940591.75,6749328.176,,,,,,,,,,,,,,,,
18/11/2021,9996288265,1230677262,3009136862,1228743424,4005602719,162664209.5,310681.2828,176450148.9,108270532.1,67755456.7,6676970.025,,,,,,,,,,,,,,,,
19/11/2021,9541004132,1186599755,2842224867,1206370791,3804437326,159744282.2,308457.5491,174890521.2,98748306.49,61264043.88,6415781.334,,,,,,,,,,,,,,,,
20/11/2021,9823370438,1196438539,2928927314,1179538787,4014547354,156915295,312998.1533,176709017.4,98240516.23,65156353.62,6584263.494,,,,,,,,,,,,,,,,
21/11/2021,10179339576,1202942405,3068401203,1198229434,4217151334,157464291.2,314218.9403,177440866.5,85590953.33,65184540.64,6620329.762,,,,,,,,,,,,,,,,
22/11/2021,9797027725,1180348934,2819584546,1183661829,4133508488,158621188.9,308741.8161,175946861.7,79749742.36,58594300.34,6703093.047,,,,,,,,,,,,,,,,
23/11/2021,9537858463,1155594942,2806293630,1157235385,3936515384,158231611.8,309419.2777,186470969.5,74841648.42,55804058.99,6561413.803,,,,,,,,,,,,,,,,
24/11/2021,9682573851,1153757433,2918563327,1156647477,3967537602,157067356.8,310533.7966,189507605.3,75674945.96,56251766.17,7255803.273,,,,,,,,,,,,,,,,
25/11/2021,9104037696,868762134.5,2692756514,1152992194,3916285307,148059791.8,303810.7858,190501995.9,75367392.24,52090140.16,6918415.983,,,,,,,,,,,,,,,,
26/11/2021,9794062229,921541993,2975526889,1144183451,4266604772,148479128,304802.0466,190932262.9,81185222.51,58055859.65,7247848.419,,,,,,,,,,,,,,,,
27/11/2021,9508625727,916504173.2,2871654470,1148114815,4098082592,145483337.7,308683.4181,191179721.6,79049873.63,51276126.31,6971935.282,,,,,,,,,,,,,,,,
28/11/2021,9744320801,936123642.4,2954037900,1133304135,4242961521,143952810.6,304534.2563,191336225.3,81143332.49,54044327.56,7112372.918,,,,,,,,,,,,,,,,
29/11/2021,10688240314,1001469186,3417499509,1143930997,4635694302,144672398.7,308339.7756,192226234.5,83571256.62,61792830.27,7075259.793,,,,,,,,,,,,,,,,
30/11/2021,10932539690,1024234030,3484395491,1129791395,4793858488,151139591.8,306618.5315,193014957.1,85281860.47,63354018.07,7163240.547,,,,,,,,,,,,,,,,
1/12/2021,11919019387,1075332129,4029624653,1145447266,5149301518,153455878.2,310963.7808,196005380.5,86865642.07,75288165.49,7387791.204,,,,,,,,,,,,,,,,
2/12/2021,12750108283,1116387153,4300784461,1130211987,5676284905,154227079.2,307078.2956,194792663.6,89392016.66,80020924.19,7700015.552,,,,,,,,,,,,,,,,
3/12/2021,13191636208,1148963605,4477718566,1125191075,5915762685,152347035.8,308642.0417,197763845.7,83441455.95,82307966.01,7831331.663,,,,,,,,,,,,,,,,
4/12/2021,12926313793,1135586097,4396295565,1123788015,5756438425,150803050.6,309780.0417,200034049,76358664.73,79005089.05,7695058.014,,,,,,,,,,,,,,,,
5/12/2021,14360670584,1177712703,5168659927,1092889397,6403604361,144932060.7,306654.6468,204034524.7,77949186.77,82471598.33,8110171.188,,,,,,,,,,,,,,,,
6/12/2021,12848395608,1127449249,4373372171,1079126297,5764410628,140384099.8,308318.3468,207819273.9,66690330.79,80756501.38,8078738.636,,,,,,,,,,,,,,,,
7/12/2021,13345816643,1116120163,4556377335,1027363536,6148731515,137039869.5,309260.8238,208336819.5,64482128.95,79173440.85,7882574.36,,,,,,,,,,,,,,,,
8/12/2021,13754247373,1142601079,4719744314,1028161168,6349605244,137246726.1,310246.0795,213953206.2,66267643.89,87854104.29,8503641.118,,,,,,,,,,,,,,,,
9/12/2021,14072892068,1155842789,4868832930,998691239.4,6535425992,135742331.5,307219.1012,212382544,65808301.59,90736046.54,9122674.337,,,,,,,,,,,,,,,,
10/12/2021,13214900961,1108617994,4439360349,997771347,6174912661,131775618.1,308282.5701,212645261.2,63903904.73,76821002.61,8784541.972,,,,,,,,,,,,,,,,
11/12/2021,12646288559,1067987170,4071037731,986921977.5,6038906505,130056630.8,308795.8981,213245897.8,61384549.05,67805118.2,8634184.921,,,,,,,,,,,,,,,,
12/12/2021,12317330872,1052884739,3896311743,983756499.9,5909713113,127507990.4,308038.6936,214533825.2,61083746.58,62581392.76,8649782.73,,,,,,,,,,,,,,,,
13/12/2021,12745559324,1077397294,4077304942,977223193.2,6135429763,127497154.9,309185.3936,215177027.8,59894846.5,65831970.95,9493945.968,,,,,,,,,,,,,,,,
14/12/2021,11654465149,995084329.1,3585055604,955470524.1,5660208882,122093472.6,309963.7075,214956220.8,54898405.54,57595534.17,8792213.081,,,,,,,,,,,,,,,,
15/12/2021,12611761521,1089813908,3923142615,952549068.7,6061575521,121186076.3,310369.3075,215682368.1,51617972.09,61639841.17,9457770.702,24562705.09,100223305.3,,,,,,,,,,,,,,
16/12/2021,13106784605,1148984404,4085031705,955904818,6209236432,118538871.8,307060.1262,215815700.6,52053598.41,62124731.5,15401952.97,25000733.84,218384597,,,,,,,,,,,,,,
17/12/2021,13498876870,1201962609,4201942249,947349683.3,6337074966,117291262.3,307246.13,216109046.8,60914553.14,63317300.45,20106710.67,25942714.75,306558528.3,,,,,,,,,,,,,,
18/12/2021,14323125886,1280825363,4299105606,955890850.4,6497697692,115244155.1,309130.3209,216268301.8,88338930.25,62473852.88,22645906.45,23338029.75,426941629.7,334046438.5,,,,,,,,,,,,,
19/12/2021,16145562978,1540610456,4764229665,944593667.1,7156654346,107331181.4,306348.9637,216363557.5,80674557.47,65332118.6,23585083.77,22614677.9,833917502.6,389349816.1,,,,,,,,,,,,,
20/12/2021,17052218279,1687791963,5073011342,945051232.1,7313548088,106321795.2,306806.023,224335359.7,55758770.89,74310790.07,24226366.76,21482072.07,1110183254,415890439.5,,,,,,,,,,,,,
21/12/2021,17918788782,1949888335,5320173909,925663610,7622316514,104595024.2,311461.608,227062600.9,57097775.99,76276988.09,27353423.04,20712274.6,1137594620,449742246.7,,,,,,,,,,,,,
22/12/2021,19680837327,2057221525,5864732017,928498669.4,8589835150,107164415.3,313658.661,233994762.2,61482366.48,82049841.39,28992700.61,20101057.79,1213515889,492935274.1,,,,,,,,,,,,,
23/12/2021,19259597814,2041211855,5730020154,929641057.1,8342503174,109942732.4,310585.5195,236394393.4,61360386.5,76343354.48,31531113.43,19363003.42,1196901887,484074118.2,,,,,,,,,,,,,
24/12/2021,20384455508,2130526048,6166249274,922050711.4,8820301060,111649886.8,309295.0465,236219752.6,65171176.15,82608846.09,33754654.74,19242837.05,1265140852,531231113.7,,,,,,,,,,,,,
25/12/2021,20677543367,2121794041,6296278953,906872150.7,8967077818,112200792.9,310527.8416,238066212.2,70765446.59,82698011.97,33998450.28,19122405.93,1284056404,544302152.5,,,,,,,,,,,,,
26/12/2021,20892820322,2147760029,6380435349,903318763.5,9050895012,118221860.5,311725.8416,248641058.9,70901456.4,82705368.02,34298455.63,19194718.71,1294250682,541885842.3,,,,,,,,,,,,,
27/12/2021,21090132320,2218256767,6401472055,904939071.6,9140217305,118877439.2,312644.1416,249653348.5,69234920.24,82365289.73,34018337.36,19635874.18,1303127800,548021468.2,,,,,,,,,,,,,
28/12/2021,18633988549,833820830.2,5900529654,887540248.8,8717536072,117599565,313659.2461,250676662.6,66687280.83,78183808.61,32186985.66,19406131.17,1220146883,509360769,,,,,,,,,,,,,
29/12/2021,18036594870,821071146.3,5589730385,878336622.6,8391886373,114459361.1,314292.1461,251832078.1,63161855.73,70882168.44,30831048.15,19575109.58,1321483558,483030871.7,,,,,,,,,,,,,
30/12/2021,17949707776,837037030.5,5457395820,875810942.4,8451352990,115525569.2,305968.1095,243818512.3,66069338.39,67865791.1,25699278.65,21080362.11,1319093209,468652964.4,,,,,,,,,,,,,
31/12/2021,18044213367,854520640.2,5477827090,862367003.4,8503470745,121714696.9,303958.6132,242251674.7,64663389.87,67273896.84,23615537.89,21151971.69,1330768491,474284271.9,,,,,,,,,,,,,
1/1/2022,18447729702,866195859.4,5652785732,869948613,8654590570,124042031.7,307312.1073,246972429.4,64763405.18,65194326.88,31536254.04,21151422.01,1366239454,484002292.8,,,,,,,,,,,,,
2/1/2022,19483208339,890251929.3,6088004548,854672022.5,9108977519,127160709,302110.0636,246224575.3,67300754.51,68179064.8,34393054.09,20942974.06,1464789126,512009953.3,,,,,,,,,,,,,
3/1/2022,19300801501,897472157.9,5994664697,840736282.2,9062249376,125112185,302922.3636,247919943.1,66681827.57,67080052.17,31749378.42,21089208.35,1441021053,504722417.9,,,,,,,,,,,,,
4/1/2022,19099748717,910409980.1,5884067375,837328477.8,8970910489,129862043.3,304147.2607,254674467.6,67777689.8,65876081.45,33411736.49,21282783,1425421074,498422372.9,,,,,,,,,,,,,
5/1/2022,18634561693,947367971.2,5673449835,835559420.8,8887220080,133515310,304806.6607,257514924.1,78197077.86,65017091.61,40955247.66,20816289.26,1211509783,483133856.6,,,,,,,,,,,,,
6/1/2022,17711109023,911164101,5254976688,831355151.9,8578212997,131564867,301618.7655,259342217,73433826.27,61268672.69,37685439.53,20592779.98,1102835152,448375511.1,,,,,,,,,,,,,
7/1/2022,17438174447,907154860.2,5134088837,818755475.8,8510755787,130162433.9,302631.4684,260957388.2,67711916.89,58854599.5,40025797.33,19879425.32,1048398967,438691727,2434600.24,,,,,,,,,,,,
8/1/2022,16542325716,874245764.8,4677046831,814372934.6,8235923110,125447415.7,306029.6866,264029447.6,63947853.38,52995478,40443237.52,19967354.32,971241522.8,399915776.9,2442960.02,,,,,,,,,,,,
9/1/2022,16243006001,846642148,4495954289,816230899.2,8192922467,125074586,303885.2057,264216801.2,62320568.12,51851275.09,42230404.2,19054460.33,939334351.9,384403340,2466525.94,,,,,,,,,,,,
10/1/2022,17027874785,880720132.1,4866910382,787127885.5,8500896368,124371337.6,301408.5448,262069144.7,61621285.7,52532480.35,51951288.85,18354700,998569696.5,419970953.4,2477722.04,,,,,,,,,,,,
11/1/2022,16421991881,838056761.8,4577869960,801971418.6,8270653393,121166939.5,302652.1734,262942068.4,60852957.43,50790806.82,51468925.34,17837093.31,972237323.3,393361616.4,2479965.183,,,,,,,,,,,,
12/1/2022,17184426369,795306611.4,4905335566,800428890.6,8620601094,119663723.5,303072.8734,263941707.2,48250496.09,53862150.03,59706116.06,17902081.28,1073961560,422442225.7,2364532.809,356541.7234,,,,,,,,,,,
13/1/2022,18263013025,796790655.2,5435698360,796604640,9016542222,120700694.3,299631.4617,263475192.7,44421742.25,60010969.79,66459710.19,17828111.87,1171493206,470006802.2,2320426.544,360660.5547,,,,,,,,,,,
14/1/2022,17931052461,777628792.6,5240061034,811532681.5,8908328744,118816538.5,301390.8198,264404190.9,44630300.97,57940668.24,68094276.44,17725478.86,1166611606,452249607.7,2356414.597,370734.8113,,,,,,,,,,,
15/1/2022,18264238051,765253549.1,5390624942,776868391.1,9097572002,119547408.9,301827.7198,264800603.9,38270774.65,59646718.16,77238888.36,17581464.35,1184965632,468802836.8,2391762.641,371249.1413,,,,,,,,,,,
16/1/2022,19090823845,778390136.4,5753492980,768773963.3,9458869502,121146770.6,299458.1152,265475400.8,39145473.26,65568307.71,84982412.01,17159590.83,1232306801,502436676,2411773.643,364598.1092,,,,,,,,,,,
17/1/2022,19083160730,769054641.2,5733605331,782895397.3,9459211414,121626653.5,299938.0152,265740762.4,38371343.59,61937965.02,93615878.4,16977424,1229021703,507953301,2479604.441,369373.5031,,,,,,,,,,,
18/1/2022,17928860868,723034360.9,5215944273,779966753.4,8996437902,119998998.9,300465.5114,266264122.9,38234405.17,58002441.51,92964091.03,16331684.71,1158206738,460306808.7,2506501.957,361320.9981,,,,,,,,,,,
19/1/2022,18034858523,720846536.1,5323724199,759586572.7,9134355465,121638144.8,300947.4114,267614735.7,36660212.25,58290902.96,,16067651.17,1114041425,478782654.7,2572899.982,376176.3801,,,,,,,,,,,
20/1/2022,18197309993,688217467.1,5368214758,775655005.6,9244719871,126065616.5,297719.567,268500407.9,31700742.53,53352090.08,,15986112.88,1134011531,487555849.7,2551710.239,481110.654,,,,,,,,,,,
21/1/2022,17341980430,,5266619058,745651268.6,9217581171,124812244,298494.8135,269353198.8,27263314.58,58679871.31,,15859130.62,1131898038,480896475.7,2555887.974,512277.3162,,,,,,,,,,,
22/1/2022,15490991146,,4343681140,723887783.5,8552547528,112868064.2,298771.1363,269396551.7,25143170.1,47745912.81,,13986645.81,998531443.6,399915233.2,2535910.732,452992.215,,,,,,,,,,,
23/1/2022,15932587212,,4480602432,729705781.6,8910403227,102350710.6,291533.1243,269496074.2,24371495.61,45795163.54,,13351006.22,946302219.1,407016318.5,2485867.735,415383.7476,,,,,,,,,,,
24/1/2022,16296515935,,4612949787,720045113.6,9108707711,102250304,293498.5243,269697585.4,23464305.58,48091395.41,,13457865.32,973858932.3,419730881.7,3543513.822,425041.8608,,,,,,,,,,,
25/1/2022,15501811883,,4309691335,681191926.3,8760399653,95826233.56,293174.1369,268418567.4,22404984.71,42430281.74,,12588587.92,910556664,394066422.3,3534644.429,409408.932,,,,,,,,,,,
26/1/2022,15406883114,,4217529598,668328638.9,8811915865,93067678.93,294369.1259,269322265.1,22076404.87,42492716.08,,12346835.23,892219987.8,373425084.7,3449379.983,414290.0814,,,,,,,,,,,
27/1/2022,15318955589,,4139600995,675143193.6,8819545658,90371722.51,291863.5093,269495990.8,20735817.33,42286806.63,,12237006.17,878165916.2,367185572.7,3475673.631,419373.2785,,,,,,,,,,,
28/1/2022,14058618648,,3610637769,654914362.6,8242278283,87255984.09,290275.0531,269155454.9,19268163.55,37657663.49,,11634736.02,801202052.7,320487628.4,3446303.033,389973.2461,,,,,,,,,,,
29/1/2022,12858010288,,3358357493,626359485.9,7361089377,85816698.5,292746.0992,270907878.6,18363806.52,34977535.32,,11199619.65,789125375.8,297765363.1,3376209.859,378698.7957,,,,,,,,,,,
30/1/2022,12582118937,,3323789123,635143502.3,7088079174,87677332.55,290541.3136,271951364.6,18755763.4,34609218.67,,11089625.4,810752000.7,296199196.4,3411319.295,370776.0432,,,,,,,,,,,
31/1/2022,11839942770,,2954961109,622285021.4,6826994231,86275172.2,291101.7136,271996241.3,18354505.96,34941717.44,,10957898.08,745274764.9,263826723,3421475.562,362807.9297,,,,,,,,,,,
1/2/2022,12614595405,,3324298079,628127053.3,7130585074,90765292.6,292428.1469,271998780.8,18363166.95,34083258.12,,10642045.36,813044121,288623735.6,3425148.023,347221.503,,,,,,,,,,,
2/2/2022,12920342771,,3375255689,630086137.9,7355012132,90769749.76,292650.5469,272050266.9,18210152.83,40027693.47,,10684849.25,826046094.7,298335270.2,3223729.8,348354.7801,,,,,,,,,,,
3/2/2022,12337661576,,3090522335,629989094.1,7133292528,89542394.51,293024.3469,272052711.1,17988255.49,37304266.56,,10846548.97,778089303.4,274169686.5,3223428.288,348000.1527,,,,,,,,,,,
4/2/2022,12951918207,,3299511240,636251628.9,7500847495,88585635.27,285539.9701,272043429.6,17598114.84,38600882.76,,11098937.51,790261734,293252160.3,3233194.706,348214.229,,,,,,,,,,,
5/2/2022,13391634967,,3441585167,649498450.1,7731050826,89991822.26,286002.8701,272055836.4,17918651.42,37230200.88,,11466841.34,828479654.5,308486744.6,3234202.237,350567.4673,,,,,,,,,,,
6/2/2022,13766198980,,3613814529,638154293,7919692221,89875106.39,285005.9682,272075313.3,17575929.25,38196149.67,,12011145.01,836404579.2,324749589.2,3240463.543,124656.3722,,,,,,,,,,,
7/2/2022,13913621929,,3604748243,644651762.8,8058904270,90555775.27,285453.1682,272087619.6,17737712.41,38794987.27,,12814904.89,843524374.1,325934273.1,3234568.601,347985.1416,,,,,,,,,,,
8/2/2022,14296816090,,3854541004,643642597.4,8149955617,92157646.77,285925.2949,272090937,18181247.35,41726131.11,,13158960.42,862294371.4,345192152.9,3233511.766,355988.1237,,,,,,,,,,,
9/2/2022,13971249985,,3704512557,646520907,8001520346,94299396.73,286188.4949,272124847.4,17854632.54,40680757.16,,12442224.07,839800135.3,336526680.9,4324783.172,356528.9016,,,,,,,,,,,
10/2/2022,13981478343,,3663720929,632893653,8058205426,96010821.07,283263.136,263834048.8,17911639.9,36507825.38,,12127007.56,848653745.9,341710349.7,4414815.352,364137.1831,4840681.447,,,,,,,,,,
11/2/2022,13366408558,,3336087017,631208741.9,7848992991,92314795.36,284379.536,262782915.8,17883163.5,32804926.05,,11705643.91,811644951.5,311005815.3,4456075.87,366133.559,4871007.935,,,,,,,,,,
12/2/2022,13185483963,,3235966808,622784551.5,7792381705,92008662.89,286610.6555,261540836.6,17771505.66,32333949.97,,11408696.39,806037801,303117997.7,4597323.476,375645.8255,4871868.458,,,,,,,,,,
13/2/2022,13372957574,,3286946656,620642716.4,7910217286,92946753.3,286841.9507,261039707.1,17731438.01,32449020.33,,11263188.52,815433665,312989756.9,4684873.123,359396.333,5966274.963,,,,,,,,,,
14/2/2022,13424111087,,3282194809,622871055.6,7956805640,93928320.58,285715.535,260991544.3,18032059.21,32719406.58,,11064193.66,822668900.4,311445554.2,4790762.959,332896.2949,5980228.589,,,,,,,,,,
15/2/2022,13795929239,,3416752112,603977774.6,8169022442,93451885.96,285715.535,260919855.7,17831131.61,33866116.07,,10863698.13,852665322.2,324555978.2,4880893.175,331509.3678,6524804.261,,,,,,,,,,
16/2/2022,14365897726,,3573343661,597998415.2,8518621641,94757448.12,285792.1049,260651966.7,17944052.06,37028943.5,,10980914.82,897669595.5,344072034.6,5975576.619,331772.119,6235912.316,,,,,,,,,,
17/2/2022,15514269890,,4652893177,608657656,8588104035,95602567.97,282830.1564,260596885.1,17871012.93,37237492.2,,11080519.67,887914565.7,340938380.6,6522686.61,332945.6331,6235135.146,,,,,,,,,,
18/2/2022,14667761085,,4203582339,557572137.7,8328970143,96287070.4,284111.0837,261621621.6,17560248.87,33859245.59,,11006565.58,834813940.6,309528679.5,6614365.616,328766.4678,5731849.38,,,,,,,,,,
19/2/2022,14680595434,,4153640529,561733305.5,8398352735,97147000.57,285129.2704,210418983.6,17764080.46,33148476.5,,10856371.35,860003600.9,324536933.7,6648759.176,329418.4133,5730110.973,,,,,,,,,,
20/2/2022,14745285552,,4128924438,558296923.6,8501206649,98138589.45,286169.9605,205328667.1,17877336.61,34248350.42,,10402812.49,861057776.1,316752978.9,6715714.559,328306.499,5720839.4,,,,,,,,,,
21/2/2022,14852207025,,4054229625,552408836.8,8714478446,96510984.74,284317.552,204336936.8,17322500.37,34388623.26,,10257417.77,845005182.2,310637719.6,6766452.254,326783.2137,5253198.931,,,,,,,,,,
22/2/2022,14934446321,,4079073873,550898931.7,8714908772,97878806.18,285222.1319,204563688.4,17498738.27,35840611.82,,9969678.635,861791058.3,319583014.2,7283969.404,325016.4674,5253060.552,29291879.36,,,,,,,,,
23/2/2022,15539331003,,4335042184,560520722.7,8959769658,98634592.27,286815.5776,204193671.7,16957374.89,43365440.24,,9718800.887,909600825.9,358525374.7,7498216.568,321913.192,5253890.552,29641521.46,,,,,,,,,
24/2/2022,16790289191,,4873500585,558865884.1,9487175727,100491924.1,283604.3103,203828451,16945821.67,43365747.08,,9755993.481,941542401.5,403995280.5,7574145.744,319896.7634,5251977.949,30386338.9,107005411.5,,,,,,,,
25/2/2022,17610743362,,5240425701,554283011.4,9822547222,101047182.9,284186.8985,203412666.9,16829021.51,47400230.62,,9232011.819,1016256070,441311455,7525421.971,307597.1942,5157068.217,31481565.3,113242949.8,,,,,,,,
26/2/2022,18858523339,,5857261824,565549770.5,10255615032,104937526.5,284470.1955,203228517.5,17117643.7,58926053.38,,9042383.325,1100271540,501558974.5,7585792.352,328397.0075,5063015.847,31266506.29,126898711.7,13587179.16,,,,,,,
27/2/2022,19810291301,,6360846155,581107806,10573608222,107759834.3,282473.2867,206401043.4,17164665.94,64372103.33,,8970018.686,1149091765,545465374.9,7687117.271,334724.0948,2819430.489,30663855.8,139764045.2,13952665.93,,,,,,,
28/2/2022,18825659593,,5755645688,572405879.9,10318694108,108605406.2,284190.5759,207259342.1,17096731.62,59392960.12,,9064259.361,1094708953,500183708.8,7800225.594,332454.6576,1293890.047,30504776.32,128416406.3,13970612.07,,,,,,,
1/3/2022,22156999433,,7676349771,586760800.7,11280375933,114326713.4,284131.9151,206585859.6,17027496.34,75108841.22,,9650309.083,1227052114,748260804.9,7747207.056,374669.6462,1293799.345,31582256.05,159461224.7,14757500.56,,,,,,,
2/3/2022,22434324257,,7746400445,580894228.1,11474383155,115519890.1,284456.1148,206510331.5,17096069.67,75436577.48,,9626486.134,1244351465,746585449.1,7514868.751,375731.1405,1852439.429,33627857.38,159711575.1,14153232.29,,,,,,,
3/3/2022,22708415883,,7758158574,583256167.4,11629544790,117381294.4,283673.1514,206969329.9,17358670.1,79027402.53,,10465932,1297429668,767068432.1,7399697.661,369219.3211,2287187.803,34987667.78,182071234.8,14356942.51,,,,,,,
4/3/2022,22401772488,,7628291308,576379278.8,11476474042,117772886.9,284070.2294,206499360.5,17063277.69,77009970.74,,10280358.48,1258647521,794132430.3,7347466.451,361054.3819,3807351.46,35827291,175642151.7,15952669.18,,,,,,,
5/3/2022,21239520228,,6836703899,565278048.4,11200046468,116087311.8,285522.9427,208318772,17291269.11,73883591.11,,10690531.09,1216365002,726531952.5,7359718.611,356446.0243,4100744.943,35714495.22,202886762.1,17619693.3,,,,,,,
6/3/2022,22268176377,,7218922602,607578097.6,11591929924,122192511.1,281891.0595,207957080.7,16582349.61,84324154.79,,10817920.18,1344257939,777374441.6,7479574.079,353440.7692,4768407.785,36539693.88,217267025.8,19549323.38,,,,,,,
7/3/2022,20987121271,,6555346231,589705183.6,11232923793,118900519.5,282454.3687,210133173.9,15962687.69,78514100.2,,10423051.42,1201839186,706501659.4,7560930.121,344247.2997,4855542.964,35668537.54,200255435,17904538.14,,,,,,,
8/3/2022,21338711663,,6604462517,593157901.3,11466832646,119401590.2,284926.1835,211313293.5,15677728.16,75674231.06,,10378941.64,1240240252,707256427.2,7820580.368,333618.3319,4681679.112,36550920.23,222363512.5,22280898.74,,,,,,,
9/3/2022,23408884316,,7689350598,600263780.3,12003108286,120836762.1,283747.2882,212457812.5,15679750.03,79595865.87,,10417329.17,1344863681,772402296.4,7988551.666,24317.50487,4564550.099,36904160.53,252761388,24339354.4,233042084.6,,,,,,
10/3/2022,25548322193,,8725128791,624083335,12835749232,128907669.6,283001.2015,215238462.7,15732296.82,90180290.54,,11071377.89,1430770711,862340820.5,7620167.32,19615.8345,4512379.864,37068005.58,300693738.9,25491260.25,233431036.4,,,,,,
11/3/2022,25266594343,,8430952462,626091638.6,12853542830,130526386.2,283127.4488,217110884.3,15603649.49,99751312.38,,11354581.62,1400162376,862522242.4,7665483.212,15528.34301,6044654.572,37676127.66,306121984.7,26604027.28,234565046.2,,,,,,
12/3/2022,24177867781,,7678735575,626198515,12658500997,129624577.7,285133.5718,219040454.6,15522641.66,90233035.7,,11601955.67,1329834487,775610125.5,7750244.914,14413.79244,8973280.69,44477555.99,310708513.5,26663603.93,234005094,10087576.19,,,,,
13/3/2022,23802195299,,7484454265,621648039.4,12528059620,130350643.4,284920.9366,219762334.3,15483584.24,88816018.91,,11161617.9,1307974486,757604428.2,7875614.922,14383.50322,9765888.568,41363941.52,305745056.9,28177332.79,233565545.7,10087576.19,,,,,
14/3/2022,23999331284,,7545495799,613945797.6,12666449595,129646948.8,283736.1629,220996161.2,15491637.92,88223296.35,,10819232.5,1319649315,748808373.1,8013129.852,14057.05692,10438023.43,39858501.28,309044803.6,28643546.34,233421752.7,10087576.19,,,,,
15/3/2022,25129469235,,8041110351,618766179.9,13153109803,141052906.2,284315.3426,220780423.8,15451160.74,100897204.9,,10804894.27,1349142432,808750117.7,8185699.226,13795.09433,11497556.95,40364366.97,337323529.2,27705961.09,234151008.6,10077528.81,,,,,
16/3/2022,24398126574,,7495534431,627108035.2,13023631971,143622976.5,285905.4492,221876686.6,15542033.87,95773944.21,,10569162.81,1260465003,757776460.8,8081804.185,13587.87849,12261588.84,40351983.28,319762871.6,27746894.14,223652530.4,10107670.97,93162874.42,5399079.283,5399079.283,,
17/3/2022,24618739174,,7607412447,627645624.6,13165830329,147190359.8,282657.0482,222173028,16002402.44,98200348.61,,11048075.04,1301860732,749648470.7,7929027.462,13545.90588,13810239.44,40337406.09,323614137.2,28726939.73,224610810.2,10097623.58,16861233.78,5443736.142,,,
18/3/2022,24269456189,,7255654450,627826382.9,13225241918,147442325.5,282839.7155,222169736.5,15714238.62,122524023.7,,11557754.23,1231546792,733228039.6,7887749.296,13517.29478,14057015.09,40416192.52,319603504.8,27569020.29,234318259.1,10077528.81,16880205.37,5444696.424,,,
19/3/2022,25302861495,,7605189368,637400110.3,13788193945,145006208.5,283270.502,223434239.1,16321313.65,127479773.2,,11518159.82,1269312165,763667061.9,7893126.066,6029.618372,15432202.28,40184663.97,337344219.4,25927341.3,235736583,10087576.19,36992239.74,5451898.842,,,
20/3/2022,25719664774,,7754563930,639563657.3,13959513252,149052748.7,282988.3601,223353333.8,16311741.04,127929184.6,,11640426.9,1279339222,779173341.1,7871858.154,4690.355823,17671585.99,40442014.73,349483104.6,25648946.86,285184784.4,10077528.81,37045709.78,5510723.985,,,
21/3/2022,25567252174,,7637853481,632644367.1,13964261473,148203847.9,280343.7982,223871859.3,15350155.62,126882135,,11693875.43,1253187389,771418240.7,7869384.925,4682.284617,17618641.07,40818774.48,348758980.8,25036809.17,289189688.4,10077528.81,36760371.56,5470144.8,,,
22/3/2022,26428958783,,8101988545,641998666,14239937908,150939981.6,280335.388,224703950.4,15341160.95,131603708.7,,11948633.41,1279026960,812775989.8,7938168.485,4595.272896,22644599.71,39954868.38,375700896.9,27058360.03,293254061.8,10077528.81,36303793.52,5476071.769,,,
23/3/2022,26229065739,,7880316178,649286072.9,14258835457,153863858.5,280894.3817,227059192.7,15630620.36,131522092.5,,12111963.67,1289868736,787897718.4,7746025.327,4615.391276,36721256.5,39564146.64,365876713.1,26340583.32,291076941.8,10097623.58,39442362.2,5522687.327,,,
24/3/2022,26362340478,,7793998737,646611922.8,14434634757,156847626.8,277249.7861,227454098.6,15478465.99,132307755.4,,12086179.5,1304427770,799287735.6,7469639.832,4633.740534,38736441.34,39184256.06,377128049.6,27742965.5,291702092.2,10057434.03,41161659.2,5741007.574,,,
25/3/2022,26244212677,,7732312009,646090083.3,14397480705,155729248.3,275838.408,228264737.2,15506041.45,135575734.7,,13367280.11,1291136873,794029648.1,7385299.684,4244.969981,35645448.67,37181107.15,379184430.1,27350387.06,291393372.8,10036224,40662037.76,5601926.637,,,
26/3/2022,25567564189,,7343606754,651754698.1,14173763268,155162461.8,276075.3406,229250124.7,15463606.74,134416181.8,,13938076.52,1269154813,761559895.2,7651820.341,4035.61878,35376941,36441889.37,369199355.4,26762349.97,288536724.8,10067481.42,39575597.37,5602037.673,,,
27/3/2022,25864942568,,7450535492,653932527.8,14330978462,157484477.9,275954.6651,229476090.4,15432933.04,133494659.6,,15677292.19,1285644634,769148825.1,7635372.19,4033.037649,35232756.65,35918886.15,376374944.7,27782587.63,284182059,10040453.95,40041500.6,5648625.131,,,
28/3/2022,26308406918,,7656545454,647262733.6,14489906210,157683065.3,2.988225,228761050.8,15206513,141196511,,15603890.07,1315386550,792506107.2,7488841.524,4011.315897,34402349.03,35675019.75,389751242.6,28232170.03,289397275.6,10025804.86,39832626.96,5649448.285,,7890039.749,
29/3/2022,27033677653,,8078803023,652309147.9,14677776364,164226003.6,146040.2751,230137320.7,15402428.19,142227106.8,,15559203.43,1372736868,816090949,7573519.159,4050.894873,21473935.81,35547064.36,413926740,29759527.53,296942830.4,10030587.42,39493701.1,5604521.164,,7906720.104,
30/3/2022,28633519367,,8838917019,673522434.7,15215224306,173559254,147896.3245,234021563.9,15279676.51,149766714.1,,15795033.08,1451426344,910773986.1,7653768.116,4095.11046,21442149.87,35530301.44,478116739.3,30669632.52,318320849.3,10037901.91,39184197.43,5651269.031,,8474235.328,
31/3/2022,28394206854,,8708575863,672907098,15108372386,174593372.4,145297.4581,235702330.9,15362623.81,147171508.7,,16088855.59,1458052544,905667466.4,7634201.109,4078.196598,23879605.51,35443209.91,474271895.4,30887866.84,316055613,10057434.03,39073534.15,5658379.235,,8601690.155,
1/4/2022,28632898542,491520986.3,8560645017,665458155.1,15067347195,173359289.8,145838.4969,236463779.9,15185726.78,144158982.1,,16279967.25,1439931682,869213160.7,7674034.449,4093.74804,23503639.66,34898716.12,466222279.9,30716192.77,326442605.5,10047386.65,39237698.34,5673381.185,,8768732.746,
2/4/2022,29064285356,495717328.8,8668269863,667343237.4,15214212034,175158753.6,145270.8609,237377019,15190583.12,148008694.1,,17247975.59,1526685468,896727297.7,7729987.616,4077.389762,29424718.82,34950437.64,507015970,31377334.4,328212364.5,10057434.03,38713926.7,5740229.878,,8975350.123,
3/4/2022,30660345419,506697092.4,9516708577,670668854.4,15739502716,181061476.3,145041.5829,240712357.6,15291616,152272062.6,,18419152.44,1607003187,963375091.8,7488325.76,4069.03595,23048777.84,34829737.41,545225693.1,33129688.8,341591986.4,10057434.03,38377552.07,5739270.167,,8995660.664,
4/4/2022,30247708697,496894544.1,9223000716,663251221.2,15647373120,184543297.6,145935.837,240849810,15193978.52,151888618.8,,18825918.92,1596068480,963586393.5,7483382.134,4051.683962,21702641.68,35230677.29,541117045.4,31887510.25,345216266.6,10039941.53,38606594.35,5739292.08,,9059260.126,
5/4/2022,31147027934,506433418.8,9602040305,682501367.4,15973599977,192310750.6,145037.1405,242237831.4,15093189.28,153524905.9,,18881211.7,1681434354,983942581,7518755.814,4041.083168,21582184.65,34938836.65,590440123.5,33681783.82,342669171.8,10067481.42,38710659.58,5790170.899,,9479794.753,
6/4/2022,31289178884,494299277.6,9661729424,674144087.1,15990648290,196328480.8,145455.8972,242935598,15149952.54,148490571.6,,18840318.53,1741779577,995342417.8,7687829.102,4015.320575,21270679.23,34279611.05,602034730.6,34747792.32,344501399.4,10067481.42,39161369.94,5793313.045,,9797211.273,
7/4/2022,29179932555,472666025.9,8925400633,671495854.7,15500137615,191750654.9,140163.4175,245889777,15185758.17,135978523.1,,18539848.97,1016434047,921315144.1,7550103.571,3959.623677,20793008.41,34160734.13,555598003.5,31044761.37,350588154.1,10047386.65,39260979.72,5763135.963,,10188283.42,
8/4/2022,29382528605,465631523.1,8624115612,690249856.2,15349697407,201865216,140523.5854,239739571.3,15188165.83,136793266.7,,18318410.9,1710387003,884431318.7,7544207.683,3922.638773,18588078.08,33773513.5,541013364,29696527.23,347441813.6,10057434.03,38998559.33,5763367.403,,13089943.5,
9/4/2022,27929397203,430099574.1,7923894295,661394746.4,14923651066,197397959.9,137709.3101,239572421.3,14759066.47,128491167,,18173131.23,1579733525,810765926.2,7635868.944,3832.162449,18945950.55,33259672.01,502448984.8,28067686.84,335860591.6,10057434.03,40330924.34,5736927.444,,18978741.26,
10/4/2022,28235927350,430788319.6,8029820638,676500867.4,15034176008,197813394.1,137423.9964,239936925.5,14104085.47,129745623.1,,17737730.3,1620962919,825205065.5,7615907.838,3796.638871,18477732.36,33090803.88,505760491.7,28239835.22,338714660.3,10067481.42,47506342.2,5690757.685,,23830540.53,
11/4/2022,27713041073,418970187,7721915594,674417571.3,14944659243,192978114,137139.9314,239906232.9,13960351.24,126140547.2,,17613105.82,1552906679,791678411.7,7382323.05,3680.503329,19031697.29,32906095.55,517027496.9,27097537.86,332199153.4,10057434.03,40692634.53,5696643.33,,25663199.93,
12/4/2022,26037733761,396350197.2,7052902610,669949099.7,14322813616,179242595.9,140078.6298,241713703.3,13843192.16,111771535.5,,17036586.01,1454085644,712228338.3,7409316.122,3518.517604,18798664.15,32096995.01,461067971,25060835.87,255332765.3,10087576.19,13843469.79,5696645.021,,36258807.13,
13/4/2022,26463262213,401402808.8,7018281219,681050025.5,14456916824,185041756.2,140080.6282,242253287.1,13831110.65,113444464.9,,16708834.75,1508689865,724272996.1,7738433.036,3375.926071,18673339.5,31777666.89,475738647.1,25418479.39,259885937.3,210954058.5,21838235.87,5692382.292,,43508385.28,
14/4/2022,26838905564,409956763.2,7340800321,684356374.5,14696360960,183699361,139925.7661,245341189.7,13886928.66,111139509.2,,16534991.29,1242850643,754989732.2,7857104.213,3329.134667,18918067.46,31671843.12,497574211.4,25170165.27,262548748.3,210553063.2,22582356.75,5739174.764,,56230800.8,
15/4/2022,26227978040,396651441.9,6851887007,681405093.2,14439978542,178207954.7,139721.5244,246081116.5,13878764.46,107415833.6,,16315737.21,1497126996,696602838.8,7803076.267,3330.528933,18223441.91,31415665.29,457305258.1,24083191.84,260006952.4,210791333,28138651.74,5712726.642,,58803365.23,
16/4/2022,26237732447,395965883.4,6733851515,684770236.3,14581816373,178164008.5,138028.5333,246381027.6,13978665.8,107940371.6,,16294146.85,1493247634,685071417.3,7890096.984,3308.925843,18408379.22,31084487.45,453955616.3,23971276.13,258909853.7,210791502.9,28193837.77,5759196.717,,61145582.6,
17/4/2022,26743559121,396833719.9,6750895760,681906429.4,14956209579,180298631.8,137628.1689,246503229,13919668.23,108519449,62950710.68,15506165.44,1518686817,688989814.2,7636707.547,3306.720946,18502355.85,30508199.76,474283149,24278784.35,259523263.7,211002056.8,28939799.59,5712751.582,,61811145.82,
18/4/2022,26296955679,390946443.4,6509700485,682184499.3,14806820656,175609111,138747.0972,246542223.2,13822473.69,103142184.7,60369070.47,15726069.94,1530141077,662692716.5,7609707.356,3298.495548,18431704.79,29817361.78,456831806,23846429.48,256799035.7,210795887.6,24995336.48,5759694.794,,64225200.86,4459
19/4/2022,28642468781,417611997.1,7654721817,695275246.9,15512524632,187919194.3,138445.8327,246556071.4,13946025.22,112457102,69024802.61,15466746.88,1740728506,773934746.2,7635825.754,3289.222143,18013435.77,29475137.28,535873540.1,25387777.08,270876502.1,211007429.9,24860392.39,5796787.636,,73228762.82,4568
20/4/2022,28852615129,414285345,7934322458,700343166.5,15250701414,193900782.2,135153.7096,246571226,13848525.15,115274493.8,71307793.43,15095564.73,1839665144,804618289.9,7866411.504,3275.175282,17345068.94,39543154.64,567550284.8,26619155.41,275487301.7,211021688.1,23926941.17,5796800.156,,77380967.54,4724
21/4/2022,29408034188,413594614.3,7971462581,698064991.1,15748302236,198223344.4,135223.9389,246841848.3,13814916.43,115402756.5,72365841.7,14876120.58,1852829582,809718617.2,7586744.044,3251.823391,17129872.57,39489303.86,563930762.9,26754664.16,276554094.2,211234239.7,24686554.58,5797014.308,,79230262.15,4749.916857
22/4/2022,28847905463,403615244.4,7610388318,685635863,15660643236,198779351.8,135228.951,246622150.8,13525041.94,113277622,71336702.8,14720444.04,1807285612,782321965,7631862.25,3248.94361,17061864.46,39532109.23,538832018,25682020.34,270797465.8,211024829.4,41469175.24,5797446.833,,81782057.71,4584.367476
23/4/2022,29519569253,407087263,7860275007,678127879.5,15992153029,206995832,134929.1933,247316120.9,13371704.24,113429454.9,71927285.57,15379210.83,1840480847,790413580.8,7864548.341,3275.395,16955844.93,39741001.95,574536246.5,26918206.18,274814413.8,210815538.9,41686415.65,5806494.445,,83330441.89,4680.39612
24/4/2022,28975625051,410527105.7,7526976119,672477296.6,15841972017,214323629,134635.6295,247358539,13287090.29,112294211.6,70437319.21,15733736.02,1819038760,773644442,7858061.507,3239.306127,16810010.23,39758748.82,552149797.6,26319440.97,271934577.9,211026334.8,42995515.22,5853830.441,,82706043.79,4548.856883
25/4/2022,28835943670,405285907,7467726601,673323223.2,15793007785,219093874.1,133816.8617,246615911.6,13293961.56,109920825.6,69536926.56,15302026.56,1804454571,756794772.4,7837819.588,3225.982996,16310990.89,39851041.65,558783976.7,25977085.7,271638022.4,211026538.8,42351718.64,5807348.506,,81861250.9,4446.826448
26/4/2022,30661186461,429006451.7,8264762070,698147684.1,16545901566,238478005.4,132896.3019,246874167.5,13910651.7,116634123.2,74605068.07,14862416.08,1887144304,821786351.5,7749049.79,3199.941997,14705511.17,39556739.69,597035277,27064255.62,272773020.8,210397156.7,41299760.4,5807768.917,,92544119.61,4845.945502
27/4/2022,29146468613,411956306.9,7498776143,675943215.8,16122587600,232137319.2,132896.3019,247861489.7,13237366.54,107816471.4,69964694.69,15202227.16,1744136309,753411574.1,7679107.631,3197.72996,14645193.49,39298739.1,545957820.4,24658688.66,268330872.5,210818075.1,41903434.55,5808280.932,,94197133.39,4455.344373
28/4/2022,29392828287,416883147.5,7601316809,635298365.9,16291702866,231429740.7,129049.482,248704591.9,13079216.49,110432435.4,69888370.09,14331053.9,1739443382,765150698.3,7630401.791,3189.799981,14667248.18,38892420.24,550354048.2,25596231.87,265919211.9,210125623.2,41403033.16,5808743.647,,94633941.51,4466.361298
29/4/2022,29082443273,410331906.9,7282228074,637718842.7,16396957368,232231825,128579.0412,248535874.3,13097949.52,107416477.4,69617412.74,14661202.59,1703004773,722577874.2,7700439.692,3097.576214,16203896.25,38846458.73,530996565.4,25091492.98,268528268.3,210399946.4,41536714.92,5846854.875,,98775330.45,6047.927393